{
  "project_info": {
    "project_number": "212187730567",
    "firebase_url": "https://it043wcmcprac10.firebaseio.com",
    "project_id": "it043wcmcprac10",
    "storage_bucket": "it043wcmcprac10.appspot.com"
  },
  "client": [
    {
      "client_info": {
        "mobilesdk_app_id": "1:212187730567:android:1a0e4a45c90878b6989e22",
        "android_client_info": {
          "package_name": "com.example.a17it043_wcmc_prac_10"
        }
      },
      "oauth_client": [
        {
          "client_id": "212187730567-ktt9ghg1t3vhe8q34s8g0psf5cpn0s89.apps.googleusercontent.com",
          "client_type": 1,
          "android_info": {
            "package_name": "com.example.a17it043_wcmc_prac_10",
            "certificate_hash": "bb90b693f4272d4a5f1aa865f4597101f5e174f6"
          }
        },
        {
          "client_id": "212187730567-skv2mflfmvjl1nupb113otauuhcmdccu.apps.googleusercontent.com",
          "client_type": 3
        }
      ],
      "api_key": [
        {
          "current_key": "AIzaSyDag9D_vPbr2xyVmqAfctRqzZpn1fwyyv4"
        }
      ],
      "services": {
        "appinvite_service": {
          "other_platform_oauth_client": [
            {
              "client_id": "212187730567-skv2mflfmvjl1nupb113otauuhcmdccu.apps.googleusercontent.com",
              "client_type": 3
            }
          ]
        }
      }
    }
  ],
  "configuration_version": "1"
}